{
  "mAP50-95": 0.7531507249327885,
  "mAP50_95": 0.7531507249327885,
  "mAP50": 0.956286274509804,
  "count_error": 35.44,
  "precision": 1.0,
  "recall": 0.9128039513677811,
  "f1": 0.9544145396762339
}